Workbook

Sheet Журнал_Смен_24_7
A1: Дата | B1: Смена | C1: Время смены | D1: Кассир | E1: Касса № | F1: Остаток утро, ₽ | G1: Выручка Z-отчет (нал), ₽ | H1: Выплаты из кассы, ₽ | I1: Расчетный остаток, ₽ | J1: Факт нал в кассе, ₽ | K1: Разница (Недостача/Излишек), ₽ | L1: Терминал / СБП, ₽ | M1: Общая выручка смены, ₽ | N1: Статус сдачи
A2: 2026-08-18 | B2: Дневная | C2: 09:00 – 21:00 | D2: Иванова Анна | E2: Касса №1 | F2: 10000 | G2: 45000 | H2: 12500 | I2: =F2+G2-H2 | J2: 42500 | K2: =J2-I2 | L2: 38000 | M2: =G2+L2 | N2: 🟢 Сдано точно
A3: 2026-08-18 | B3: Ночная | C3: 21:00 – 09:00 | D3: Смирнов Руслан | E3: Касса №1 | F3: 10000 | G3: 32000 | H3: 4500 | I3: =F3+G3-H3 | J3: 37500 | K3: =J3-I3 | L3: 24000 | M3: =G3+L3 | N3: 🟢 Сдано точно
A4: 2026-08-19 | B4: Дневная | C4: 09:00 – 21:00 | D4: Петрова Елена | E4: Касса №1 | F4: 10000 | G4: 48000 | H4: 18000 | I4: =F4+G4-H4 | J4: 39800 | K4: =J4-I4 | L4: 41000 | M4: =G4+L4 | N4: 🔴 Недостача 200 ₽
A5: 2026-08-19 | B5: Ночная | C5: 21:00 – 09:00 | D5: Ахмадов Мансур | E5: Касса №1 | F5: 10000 | G5: 35000 | H5: 6000 | I5: =F5+G5-H5 | J5: 39150 | K5: =J5-I5 | L5: 29000 | M5: =G5+L5 | N5: 🟡 Излишек 150 ₽
A6: 2026-08-20 | B6: Дневная | C6: 09:00 – 21:00 | D6: Иванова Анна | E6: Касса №1 | F6: 10000 | G6: 51000 | H6: 15000 | I6: =F6+G6-H6 | J6: 46000 | K6: =J6-I6 | L6: 44000 | M6: =G6+L6 | N6: 🟢 Сдано точно
A7: ИТОГО | G7: =SUM(G2:G6) | H7: =SUM(H2:H6) | I7: =SUM(I2:I6) | J7: =SUM(J2:J6) | K7: =SUM(K2:K6) | L7: =SUM(L2:L6) | M7: =SUM(M2:M6)

Sheet Накладные_и_Выплаты
A1: Дата | B1: № Накладной | C1: Поставщик | D1: Товар / Категория | E1: Сумма накладной, ₽ | F1: Оплачено сразу налом, ₽ | G1: Оплачено в погашение долга, ₽ | H1: Остаток в долг, ₽ | I1: Смена приемки | J1: Кассир / Приемщик | K1: Статус оплаты
A2: 2026-08-18 | B2: НАКЛ-412 | C2: МолКомбинат №1 | D2: Молочная продукция | E2: 28000 | F2: 12500 | G2: 0 | H2: =MAX(0, E2-F2) | I2: Дневная (09:00-21:00) | J2: Иванова Анна | K2: 🟡 Частично оплачено
A3: 2026-08-18 | B3: НАКЛ-109 | C3: Пекарня Колос | D3: Хлеб и выпечка | E3: 4500 | F3: 4500 | G3: 0 | H3: =MAX(0, E3-F3) | I3: Ночная (21:00-09:00) | J3: Смирнов Руслан | K3: 🟢 Оплачено налом
A4: 2026-08-19 | B4: НАКЛ-882 | C4: АгроФрукт | D4: Овощи и фрукты | E4: 35000 | F4: 0 | G4: 0 | H4: =MAX(0, E4-F4) | I4: Дневная (09:00-21:00) | J4: Петрова Елена | K4: 🔴 В долг 100%
A5: 2026-08-19 | B5: НАКЛ-305 | C5: Птицефабрика Север | D5: Мясо и птица | E5: 42000 | F5: 18000 | G5: 0 | H5: =MAX(0, E5-F5) | I5: Дневная (09:00-21:00) | J5: Петрова Елена | K5: 🟡 Частично оплачено
A6: 2026-08-19 | B6: ДОЛГ-412 | C6: МолКомбинат №1 | D6: Погашение старого долга | E6: 0 | F6: 0 | G6: 15500 | H6: =MAX(0, E6-F6) | I6: Ночная (21:00-09:00) | J6: Ахмадов Мансур | K6: 🟢 Долг погашен
A7: 2026-08-20 | B7: НАКЛ-771 | C7: ПродСнаб | D7: Бакалея | E7: 22000 | F7: 15000 | G7: 0 | H7: =MAX(0, E7-F7) | I7: Дневная (09:00-21:00) | J7: Иванова Анна | K7: 🟡 Частично оплачено
A8: ИТОГО | E8: =SUM(E2:E7) | F8: =SUM(F2:F7) | G8: =SUM(G2:G7) | H8: =SUM(H2:H7)

Sheet Сводный_Итог
B1: СВОДНЫЙ ОТЧЕТ: КАССОВЫЕ СМЕНЫ 24/7 (09:00-21:00 / 21:00-09:00) И ДОЛГИ
B3: ВЫРУЧКА Z-ОТЧЕТ (НАЛ) | D3: ВЫПЛАТЫ ИЗ КАССЫ ВСЕГО | F3: ОПЛАЧЕНО СТАРЫХ ДОЛГОВ | H3: ОСТАТОК В ДОЛГ ПОСТАВЩИКАМ
B4: =SUM(Журнал_Смен_24_7!G2:G6) | D4: =SUM(Журнал_Смен_24_7!H2:H6) | F4: =SUM(Накладные_и_Выплаты!G2:G7) | H4: =SUM(Накладные_и_Выплаты!H2:H7)
B5: Дневные + Ночные смены | D5: Накладные и расходы | F5: Погашение задолженностей | H5: Суммарный долг магазина
B7: Кассовая дисциплина по кассирам (09:00-21:00 / 21:00-09:00)
B8: Кассир | C8: Смен отработано | D8: Выручка нал по Z, ₽ | E8: Выплаты из кассы, ₽ | F8: Сдано фактом нал, ₽ | G8: Итого расхождение, ₽ | H8: Статус сдачи
B9: Иванова Анна | C9: =COUNTIF(Журнал_Смен_24_7!$D$2:$D$6, B9) | D9: =SUMIF(Журнал_Смен_24_7!$D$2:$D$6, B9, Журнал_Смен_24_7!$G$2:$G$6) | E9: =SUMIF(Журнал_Смен_24_7!$D$2:$D$6, B9, Журнал_Смен_24_7!$H$2:$H$6) | F9: =SUMIF(Журнал_Смен_24_7!$D$2:$D$6, B9, Журнал_Смен_24_7!$J$2:$J$6) | G9: =SUMIF(Журнал_Смен_24_7!$D$2:$D$6, B9, Журнал_Смен_24_7!$K$2:$K$6) | H9: =IF(G9=0, "🟢 Идеально", IF(G9>0, "🟡 Излишек", "🔴 Недостача"))
B10: Смирнов Руслан | C10: =COUNTIF(Журнал_Смен_24_7!$D$2:$D$6, B10) | D10: =SUMIF(Журнал_Смен_24_7!$D$2:$D$6, B10, Журнал_Смен_24_7!$G$2:$G$6) | E10: =SUMIF(Журнал_Смен_24_7!$D$2:$D$6, B10, Журнал_Смен_24_7!$H$2:$H$6) | F10: =SUMIF(Журнал_Смен_24_7!$D$2:$D$6, B10, Журнал_Смен_24_7!$J$2:$J$6) | G10: =SUMIF(Журнал_Смен_24_7!$D$2:$D$6, B10, Журнал_Смен_24_7!$K$2:$K$6) | H10: =IF(G10=0, "🟢 Идеально", IF(G10>0, "🟡 Излишек", "🔴 Недостача"))
B11: Петрова Елена | C11: =COUNTIF(Журнал_Смен_24_7!$D$2:$D$6, B11) | D11: =SUMIF(Журнал_Смен_24_7!$D$2:$D$6, B11, Журнал_Смен_24_7!$G$2:$G$6) | E11: =SUMIF(Журнал_Смен_24_7!$D$2:$D$6, B11, Журнал_Смен_24_7!$H$2:$H$6) | F11: =SUMIF(Журнал_Смен_24_7!$D$2:$D$6, B11, Журнал_Смен_24_7!$J$2:$J$6) | G11: =SUMIF(Журнал_Смен_24_7!$D$2:$D$6, B11, Журнал_Смен_24_7!$K$2:$K$6) | H11: =IF(G11=0, "🟢 Идеально", IF(G11>0, "🟡 Излишек", "🔴 Недостача"))
B12: Ахмадов Мансур | C12: =COUNTIF(Журнал_Смен_24_7!$D$2:$D$6, B12) | D12: =SUMIF(Журнал_Смен_24_7!$D$2:$D$6, B12, Журнал_Смен_24_7!$G$2:$G$6) | E12: =SUMIF(Журнал_Смен_24_7!$D$2:$D$6, B12, Журнал_Смен_24_7!$H$2:$H$6) | F12: =SUMIF(Журнал_Смен_24_7!$D$2:$D$6, B12, Журнал_Смен_24_7!$J$2:$J$6) | G12: =SUMIF(Журнал_Смен_24_7!$D$2:$D$6, B12, Журнал_Смен_24_7!$K$2:$K$6) | H12: =IF(G12=0, "🟢 Идеально", IF(G12>0, "🟡 Излишек", "🔴 Недостача"))
B13: ИТОГО ПО ВСЕМ СМЕНАМ | C13: =SUM(C9:C12) | D13: =SUM(D9:D12) | E13: =SUM(E9:E12) | F13: =SUM(F9:F12) | G13: =SUM(G9:G12) | H13: =IF(G13=0, "🟢 Сходится", IF(G13>0, "🟡 Общий излишек", "🔴 Общая недостача"))
B15: Сводка взаиморасчетов по поставщикам
B16: Поставщик | C16: Поставлено товара, ₽ | D16: Оплачено сразу налом, ₽ | E16: Погашено старых долгов, ₽ | F16: Текущий долг магазина, ₽ | G16: Статус долга
B17: МолКомбинат №1 | C17: =SUMIF(Накладные_и_Выплаты!$C$2:$C$7, B17, Накладные_и_Выплаты!$E$2:$E$7) | D17: =SUMIF(Накладные_и_Выплаты!$C$2:$C$7, B17, Накладные_и_Выплаты!$F$2:$F$7) | E17: =SUMIF(Накладные_и_Выплаты!$C$2:$C$7, B17, Накладные_и_Выплаты!$G$2:$G$7) | F17: =SUMIF(Накладные_и_Выплаты!$C$2:$C$7, B17, Накладные_и_Выплаты!$H$2:$H$7) | G17: =IF(F17=0, "🟢 Долга нет", "🔴 Есть задолженность")
B18: Пекарня Колос | C18: =SUMIF(Накладные_и_Выплаты!$C$2:$C$7, B18, Накладные_и_Выплаты!$E$2:$E$7) | D18: =SUMIF(Накладные_и_Выплаты!$C$2:$C$7, B18, Накладные_и_Выплаты!$F$2:$F$7) | E18: =SUMIF(Накладные_и_Выплаты!$C$2:$C$7, B18, Накладные_и_Выплаты!$G$2:$G$7) | F18: =SUMIF(Накладные_и_Выплаты!$C$2:$C$7, B18, Накладные_и_Выплаты!$H$2:$H$7) | G18: =IF(F18=0, "🟢 Долга нет", "🔴 Есть задолженность")
B19: АгроФрукт | C19: =SUMIF(Накладные_и_Выплаты!$C$2:$C$7, B19, Накладные_и_Выплаты!$E$2:$E$7) | D19: =SUMIF(Накладные_и_Выплаты!$C$2:$C$7, B19, Накладные_и_Выплаты!$F$2:$F$7) | E19: =SUMIF(Накладные_и_Выплаты!$C$2:$C$7, B19, Накладные_и_Выплаты!$G$2:$G$7) | F19: =SUMIF(Накладные_и_Выплаты!$C$2:$C$7, B19, Накладные_и_Выплаты!$H$2:$H$7) | G19: =IF(F19=0, "🟢 Долга нет", "🔴 Есть задолженность")
B20: Птицефабрика Север | C20: =SUMIF(Накладные_и_Выплаты!$C$2:$C$7, B20, Накладные_и_Выплаты!$E$2:$E$7) | D20: =SUMIF(Накладные_и_Выплаты!$C$2:$C$7, B20, Накладные_и_Выплаты!$F$2:$F$7) | E20: =SUMIF(Накладные_и_Выплаты!$C$2:$C$7, B20, Накладные_и_Выплаты!$G$2:$G$7) | F20: =SUMIF(Накладные_и_Выплаты!$C$2:$C$7, B20, Накладные_и_Выплаты!$H$2:$H$7) | G20: =IF(F20=0, "🟢 Долга нет", "🔴 Есть задолженность")
B21: ПродСнаб | C21: =SUMIF(Накладные_и_Выплаты!$C$2:$C$7, B21, Накладные_и_Выплаты!$E$2:$E$7) | D21: =SUMIF(Накладные_и_Выплаты!$C$2:$C$7, B21, Накладные_и_Выплаты!$F$2:$F$7) | E21: =SUMIF(Накладные_и_Выплаты!$C$2:$C$7, B21, Накладные_и_Выплаты!$G$2:$G$7) | F21: =SUMIF(Накладные_и_Выплаты!$C$2:$C$7, B21, Накладные_и_Выплаты!$H$2:$H$7) | G21: =IF(F21=0, "🟢 Долга нет", "🔴 Есть задолженность")
B22: ИТОГО ПО ВСЕМ ПОСТАВЩИКАМ | C22: =SUM(C17:C21) | D22: =SUM(D17:D21) | E22: =SUM(E17:E21) | F22: =SUM(F17:F21) | G22: =IF(F22=0, "🟢 Все оплачено", "🔴 Общий долг магазина")
