Workbook

Sheet Табель_Смен_24_7
A1: Дата | B1: ФИО Сотрудника | C1: Должность | D1: Смена | E1: Время работы | F1: Отработано часов | G1: Ставка за час, ₽ | H1: Начислено за смену, ₽ | I1: Штрафы / Удержания, ₽ | J1: Премия за план, ₽ | K1: Итого к начислению за смену, ₽ | L1: Статус смены
A2: 2026-08-18 | B2: Иванова Анна | C2: Кассир | D2: Дневная | E2: 09:00 – 21:00 | F2: 12 | G2: 200 | H2: =F2*G2 | I2: 0 | J2: 300 | K2: =H2-I2+J2 | L2: 🟢 Отработана
A3: 2026-08-18 | B3: Смирнов Руслан | C3: Кассир | D3: Ночная | E3: 21:00 – 09:00 | F3: 12 | G3: 220 | H3: =F3*G3 | I3: 0 | J3: 0 | K3: =H3-I3+J3 | L3: 🟢 Отработана
A4: 2026-08-19 | B4: Петрова Елена | C4: Кассир | D4: Дневная | E4: 09:00 – 21:00 | F4: 12 | G4: 200 | H4: =F4*G4 | I4: 200 | J4: 0 | K4: =H4-I4+J4 | L4: 🔴 Недостача кассы
A5: 2026-08-19 | B5: Ахмадов Мансур | C5: Кассир | D5: Ночная | E5: 21:00 – 09:00 | F5: 12 | G5: 220 | H5: =F5*G5 | I5: 0 | J5: 200 | K5: =H5-I5+J5 | L5: 🟢 Отработана
A6: 2026-08-20 | B6: Иванова Анна | C6: Кассир | D6: Дневная | E6: 09:00 – 21:00 | F6: 12 | G6: 200 | H6: =F6*G6 | I6: 0 | J6: 500 | K6: =H6-I6+J6 | L6: 🟢 Отработана
A7: 2026-08-20 | B7: Хасанов Тамерлан | C7: Охранник | D7: Суточная | E7: 09:00 – 09:00 | F7: 24 | G7: 150 | H7: =F7*G7 | I7: 0 | J7: 0 | K7: =H7-I7+J7 | L7: 🟢 Отработана
A8: ИТОГО | F8: =SUM(F2:F7) | H8: =SUM(H2:H7) | I8: =SUM(I2:I7) | J8: =SUM(J2:J7) | K8: =SUM(K2:K7)

Sheet Выплаты_и_Авансы
A1: Дата выплаты | B1: ФИО Сотрудника | C1: Тип выплаты | D1: Сумма выплаты, ₽ | E1: Форма оплаты | F1: Основание / Примечание | G1: Выдал (Администратор)
A2: 2026-08-10 | B2: Иванова Анна | C2: Аванс | D2: 15000 | E2: Наличные из кассы | F2: Аванс за 1-ю половину месяца | G2: Управляющий
A3: 2026-08-10 | B3: Смирнов Руслан | C3: Аванс | D3: 15000 | E3: Перевод СБП | F3: Аванс за 1-ю половину месяца | G3: Управляющий
A4: 2026-08-10 | B4: Петрова Елена | C4: Аванс | D4: 12000 | E4: Наличные из кассы | F4: Аванс за 1-ю половину месяца | G4: Управляющий
A5: 2026-08-10 | B5: Ахмадов Мансур | C5: Аванс | D5: 14000 | E5: Перевод СБП | F5: Аванс за 1-ю половину месяца | G5: Управляющий
A6: 2026-08-10 | B6: Хасанов Тамерлан | C6: Аванс | D6: 10000 | E6: Наличные из кассы | F6: Аванс за 1-ю половину месяца | G6: Управляющий
A7: ИТОГО ВЫПЛАЧЕНО | D7: =SUM(D2:D6)

Sheet Сводная_Зарплата_ФОТ
B1: СВОДНАЯ ВЕДОМОСТЬ ЗАРПЛАТЫ И ТАБЕЛЬ ВЫПЛАТ 24/7 (ФОТ)
B3: НАЧИСЛЕННЫЙ ФОТ (МЕСЯЦ) | D3: ВЫПЛАЧЕНО АВАНСОВ | F3: ОСТАТОК К ВЫПЛАТЕ | H3: ВСЕГО ЧАСОВ ОТРАБОТАНО
B4: =SUM(I9:I13) | D4: =SUM(Выплаты_и_Авансы!D2:D6) | F4: =SUM(K9:K13) | H4: =SUM(Табель_Смен_24_7!F2:F7)
B5: По окладам и часам | D5: Через кассу и банк | F5: Текущий долг по зарплате | H5: Сумма по табелю смен
B7: Расчетная зарплатная ведомость по сотрудникам магазина
B8: Сотрудник | C8: Должность | D8: Смен в табеле | E8: Часов | F8: Почасовая ставка, ₽ | G8: Дневная ставка (12ч), ₽ | H8: Месячный оклад / План, ₽ | I8: Начислено по табелю, ₽ | J8: Выплачено авансов, ₽ | K8: Осталось выплатить, ₽ | L8: Статус выплаты
B9: Иванова Анна | C9: Старший кассир (День) | D9: =COUNTIF(Табель_Смен_24_7!$B$2:$B$7, B9) | E9: =SUMIF(Табель_Смен_24_7!$B$2:$B$7, B9, Табель_Смен_24_7!$F$2:$F$7) | F9: 200 | G9: =F9*12 | H9: 48000 | I9: =SUMIF(Табель_Смен_24_7!$B$2:$B$7, B9, Табель_Смен_24_7!$K$2:$K$7) | J9: =SUMIF(Выплаты_и_Авансы!$B$2:$B$6, B9, Выплаты_и_Авансы!$D$2:$D$6) | K9: =I9-J9 | L9: =IF(K9<=0, "🟢 Выплачено полностью", "🔴 Требуется выплата")
B10: Смирнов Руслан | C10: Кассир (Ночь) | D10: =COUNTIF(Табель_Смен_24_7!$B$2:$B$7, B10) | E10: =SUMIF(Табель_Смен_24_7!$B$2:$B$7, B10, Табель_Смен_24_7!$F$2:$F$7) | F10: 220 | G10: =F10*12 | H10: 52800 | I10: =SUMIF(Табель_Смен_24_7!$B$2:$B$7, B10, Табель_Смен_24_7!$K$2:$K$7) | J10: =SUMIF(Выплаты_и_Авансы!$B$2:$B$6, B10, Выплаты_и_Авансы!$D$2:$D$6) | K10: =I10-J10 | L10: =IF(K10<=0, "🟢 Выплачено полностью", "🔴 Требуется выплата")
B11: Петрова Елена | C11: Кассир (День) | D11: =COUNTIF(Табель_Смен_24_7!$B$2:$B$7, B11) | E11: =SUMIF(Табель_Смен_24_7!$B$2:$B$7, B11, Табель_Смен_24_7!$F$2:$F$7) | F11: 200 | G11: =F11*12 | H11: 48000 | I11: =SUMIF(Табель_Смен_24_7!$B$2:$B$7, B11, Табель_Смен_24_7!$K$2:$K$7) | J11: =SUMIF(Выплаты_и_Авансы!$B$2:$B$6, B11, Выплаты_и_Авансы!$D$2:$D$6) | K11: =I11-J11 | L11: =IF(K11<=0, "🟢 Выплачено полностью", "🔴 Требуется выплата")
B12: Ахмадов Мансур | C12: Кассир (Ночь) | D12: =COUNTIF(Табель_Смен_24_7!$B$2:$B$7, B12) | E12: =SUMIF(Табель_Смен_24_7!$B$2:$B$7, B12, Табель_Смен_24_7!$F$2:$F$7) | F12: 220 | G12: =F12*12 | H12: 52800 | I12: =SUMIF(Табель_Смен_24_7!$B$2:$B$7, B12, Табель_Смен_24_7!$K$2:$K$7) | J12: =SUMIF(Выплаты_и_Авансы!$B$2:$B$6, B12, Выплаты_и_Авансы!$D$2:$D$6) | K12: =I12-J12 | L12: =IF(K12<=0, "🟢 Выплачено полностью", "🔴 Требуется выплата")
B13: Хасанов Тамерлан | C13: Охранник-контролер | D13: =COUNTIF(Табель_Смен_24_7!$B$2:$B$7, B13) | E13: =SUMIF(Табель_Смен_24_7!$B$2:$B$7, B13, Табель_Смен_24_7!$F$2:$F$7) | F13: 150 | G13: =F13*12 | H13: 36000 | I13: =SUMIF(Табель_Смен_24_7!$B$2:$B$7, B13, Табель_Смен_24_7!$K$2:$K$7) | J13: =SUMIF(Выплаты_и_Авансы!$B$2:$B$6, B13, Выплаты_и_Авансы!$D$2:$D$6) | K13: =I13-J13 | L13: =IF(K13<=0, "🟢 Выплачено полностью", "🔴 Требуется выплата")
B14: ИТОГО ПО ВСЕМ СОТРУДНИКАМ | D14: =SUM(D9:D13) | E14: =SUM(E9:E13) | H14: =SUM(H9:H13) | I14: =SUM(I9:I13) | J14: =SUM(J9:J13) | K14: =SUM(K9:K13)
